-- MySQL dump 10.13  Distrib 8.0.44, for macos11.7 (x86_64)
--
-- Host: localhost    Database: evo
-- ------------------------------------------------------
-- Server version	8.0.44

/*!40101 SET @OLD_CHARACTER_SET_CLIENT=@@CHARACTER_SET_CLIENT */;
/*!40101 SET @OLD_CHARACTER_SET_RESULTS=@@CHARACTER_SET_RESULTS */;
/*!40101 SET @OLD_COLLATION_CONNECTION=@@COLLATION_CONNECTION */;
/*!50503 SET NAMES utf8mb4 */;
/*!40103 SET @OLD_TIME_ZONE=@@TIME_ZONE */;
/*!40103 SET TIME_ZONE='+00:00' */;
/*!40014 SET @OLD_UNIQUE_CHECKS=@@UNIQUE_CHECKS, UNIQUE_CHECKS=0 */;
/*!40014 SET @OLD_FOREIGN_KEY_CHECKS=@@FOREIGN_KEY_CHECKS, FOREIGN_KEY_CHECKS=0 */;
/*!40101 SET @OLD_SQL_MODE=@@SQL_MODE, SQL_MODE='NO_AUTO_VALUE_ON_ZERO' */;
/*!40111 SET @OLD_SQL_NOTES=@@SQL_NOTES, SQL_NOTES=0 */;

--
-- Table structure for table `chat_messages`
--

DROP TABLE IF EXISTS `chat_messages`;
/*!40101 SET @saved_cs_client     = @@character_set_client */;
/*!50503 SET character_set_client = utf8mb4 */;
CREATE TABLE `chat_messages` (
  `id` int unsigned NOT NULL AUTO_INCREMENT,
  `user_id` int unsigned NOT NULL,
  `sender` enum('user','bot') COLLATE utf8mb4_general_ci NOT NULL DEFAULT 'user',
  `message` text COLLATE utf8mb4_general_ci NOT NULL,
  `show_buy` tinyint(1) NOT NULL DEFAULT '0',
  `rate` decimal(10,4) DEFAULT NULL,
  `suggested_amount` decimal(10,2) DEFAULT NULL,
  `created_at` datetime DEFAULT NULL,
  PRIMARY KEY (`id`),
  KEY `chat_messages_user_id_foreign` (`user_id`),
  CONSTRAINT `chat_messages_user_id_foreign` FOREIGN KEY (`user_id`) REFERENCES `users` (`id`) ON DELETE CASCADE ON UPDATE CASCADE
) ENGINE=InnoDB AUTO_INCREMENT=121 DEFAULT CHARSET=utf8mb4 COLLATE=utf8mb4_general_ci;
/*!40101 SET character_set_client = @saved_cs_client */;

--
-- Dumping data for table `chat_messages`
--

LOCK TABLES `chat_messages` WRITE;
/*!40000 ALTER TABLE `chat_messages` DISABLE KEYS */;
INSERT INTO `chat_messages` VALUES (1,5,'user','COMPRAR',0,NULL,NULL,'2026-05-12 18:07:10'),(2,5,'user','Comprar 500 dolares',0,NULL,NULL,'2026-05-12 18:12:39'),(3,5,'user','comprar 500 dolares',0,NULL,NULL,'2026-05-12 18:12:54'),(4,5,'user','comprar 300 dolares',0,NULL,NULL,'2026-05-12 18:13:11'),(5,5,'user','comprar',0,NULL,NULL,'2026-05-12 18:13:40'),(6,5,'user','comprar',0,NULL,NULL,'2026-05-12 18:05:13'),(7,5,'user','comprar',0,NULL,NULL,'2026-05-12 18:05:26'),(8,5,'user','Comprar',0,NULL,NULL,'2026-05-12 18:06:08'),(9,5,'user','comprar usdt',0,NULL,NULL,'2026-05-12 18:06:45'),(10,5,'user','Mostrar cotação sem taxas',0,NULL,NULL,'2026-05-12 18:06:58'),(11,5,'bot','Sua taxa atual é de 5,00%. Este valor já está incluso na cotação que você vê em tempo real.',0,NULL,NULL,'2026-05-12 18:06:58'),(12,5,'user','comprar dolar',0,NULL,NULL,'2026-05-12 18:07:03'),(13,5,'user','Comprar',0,NULL,NULL,'2026-05-12 18:08:07'),(14,5,'user','ds',0,NULL,NULL,'2026-05-12 18:09:28'),(15,5,'user','Comprar',0,NULL,NULL,'2026-05-12 18:09:32'),(16,5,'user','comprar',0,NULL,NULL,'2026-05-12 18:09:44'),(17,5,'user','comprar',0,NULL,NULL,'2026-05-12 18:09:52'),(18,5,'user','Mostrar cotação sem taxas',0,NULL,NULL,'2026-05-12 18:10:52'),(19,5,'bot','Sua taxa atual é de 5,00%. Este valor já está incluso na cotação que você vê em tempo real.',0,NULL,NULL,'2026-05-12 18:10:52'),(20,5,'user','comprar',0,NULL,NULL,'2026-05-12 18:10:55'),(21,5,'user','Mostrar cotação sem taxas',0,NULL,NULL,'2026-05-12 18:11:30'),(22,5,'bot','Sua taxa atual é de 5,00%. Este valor já está incluso na cotação que você vê em tempo real.',0,NULL,NULL,'2026-05-12 18:11:30'),(23,5,'user','comprar',0,NULL,NULL,'2026-05-12 18:11:34'),(24,5,'user','comprar',0,NULL,NULL,'2026-05-12 18:12:07'),(25,5,'user','comprar',0,NULL,NULL,'2026-05-12 18:12:54'),(26,5,'user','Comprar',0,NULL,NULL,'2026-05-12 18:15:29'),(27,5,'user','Dólar Comercial: R$ 4,8961 Taxa (5.00%): R$ 0,2463 Cotação Final: R$ 5,1424',0,NULL,NULL,'2026-05-12 18:15:50'),(28,5,'bot','O cálculo é: R$ 4,90 / R$ 5,1423 (cotação) = 0,95 USDT.',1,5.1423,4.90,'2026-05-12 18:15:51'),(29,5,'user','comprar',0,NULL,NULL,'2026-05-12 18:16:57'),(30,5,'user','comprar',0,NULL,NULL,'2026-05-12 18:18:37'),(31,5,'user','comprar',0,NULL,NULL,'2026-05-12 18:19:14'),(32,5,'user','comprar',0,NULL,NULL,'2026-05-12 18:19:53'),(33,5,'user','comprar',0,NULL,NULL,'2026-05-12 18:20:09'),(34,5,'user','comprar 1000 usdt',0,NULL,NULL,'2026-05-12 18:20:43'),(35,5,'user','comprar 5000 usdt',0,NULL,NULL,'2026-05-12 18:21:49'),(36,5,'user','comprar',0,NULL,NULL,'2026-05-12 18:23:37'),(37,5,'user','comprar',0,NULL,NULL,'2026-05-12 18:28:50'),(38,1,'user','comprar',0,NULL,NULL,'2026-05-12 18:32:59'),(39,5,'user','comprar',0,NULL,NULL,'2026-05-12 18:33:55'),(40,5,'user','comprar 600',0,NULL,NULL,'2026-05-12 18:36:38'),(41,5,'user','comprar 50 usdt',0,NULL,NULL,'2026-05-12 18:40:42'),(42,5,'user','comprar 1000 usdt',0,NULL,NULL,'2026-05-12 18:50:00'),(43,5,'user','compra',0,NULL,NULL,'2026-05-12 18:59:53'),(44,5,'user','comprar 4000 usd',0,NULL,NULL,'2026-05-12 18:59:58'),(45,1,'user','compra',0,NULL,NULL,'2026-05-12 19:05:45'),(46,1,'user','compra usdt',0,NULL,NULL,'2026-05-12 19:05:48'),(47,1,'user','compra 5000 usdt',0,NULL,NULL,'2026-05-12 19:05:54'),(48,5,'user','comprar 400 usd',0,NULL,NULL,'2026-05-12 19:06:27'),(49,5,'user','Quero compra',0,NULL,NULL,'2026-05-12 19:07:17'),(50,5,'user','quero comprar 4000 usdt',0,NULL,NULL,'2026-05-12 19:07:24'),(51,5,'user','qual a taxa',0,NULL,NULL,'2026-05-12 19:09:17'),(52,5,'bot','Sua taxa atual é de 1,00%. Este valor já está incluso na cotação que você vê em tempo real.',0,NULL,NULL,'2026-05-12 19:09:18'),(53,5,'user','Comprar 100 dólares',0,NULL,NULL,'2026-05-12 19:09:42'),(54,1,'user','Qual o valor do dólar',0,NULL,NULL,'2026-05-12 19:13:25'),(55,1,'user','Qual o valor do euro',0,NULL,NULL,'2026-05-12 19:13:38'),(56,1,'user','Qual meu extrato',0,NULL,NULL,'2026-05-12 19:13:50'),(57,1,'bot','Estou abrindo seu extrato de transações para você. Lá você pode conferir e filtrar todas as suas operações.',0,NULL,NULL,'2026-05-12 19:13:50'),(58,1,'user','Quero minha taxa',0,NULL,NULL,'2026-05-12 19:14:21'),(59,1,'bot','Sua taxa atual é de 7,80%. Este valor já está incluso na cotação que você vê em tempo real.',0,NULL,NULL,'2026-05-12 19:14:21'),(60,5,'user','comprar dólar',0,NULL,NULL,'2026-05-12 19:17:22'),(61,5,'user','comprar',0,NULL,NULL,'2026-05-12 19:18:20'),(62,5,'user','o',0,NULL,NULL,'2026-05-12 19:23:21'),(63,5,'user','comprar',0,NULL,NULL,'2026-05-12 19:23:35'),(64,1,'user','Qual dolar atual',0,NULL,NULL,'2026-05-12 20:57:46'),(65,1,'user','Comprar dólar',0,NULL,NULL,'2026-05-12 20:57:50'),(66,1,'user','oi',0,NULL,NULL,'2026-05-12 21:16:33'),(67,1,'user','Comprar dólar',0,NULL,NULL,'2026-05-12 21:16:37'),(68,1,'user','oi',0,NULL,NULL,'2026-05-12 21:18:39'),(69,1,'user','como posso ajudar',0,NULL,NULL,'2026-05-12 21:18:43'),(70,1,'user','comprar 5000 dolare',0,NULL,NULL,'2026-05-12 21:18:49'),(71,1,'user','Comprar 500 dolares',0,NULL,NULL,'2026-05-12 21:19:25'),(72,1,'user','oioi',0,NULL,NULL,'2026-05-12 21:20:29'),(73,1,'user','comprar 400 usdt',0,NULL,NULL,'2026-05-12 21:20:34'),(74,1,'user','Comprar',0,NULL,NULL,'2026-05-12 21:21:29'),(75,1,'user','Comprar',0,NULL,NULL,'2026-05-12 21:21:59'),(76,1,'user','Qual a taxa do dólar',0,NULL,NULL,'2026-05-12 21:22:26'),(77,1,'bot','您的当前费率为 7.80%。此费用已包含在您实时看到的汇率中。',0,NULL,NULL,'2026-05-12 21:22:26'),(78,1,'user','comprar',0,NULL,NULL,'2026-05-12 21:24:47'),(79,1,'user','Valor do dólar',0,NULL,NULL,'2026-05-12 21:25:26'),(80,1,'user','oi',0,NULL,NULL,'2026-05-12 21:29:51'),(81,1,'user','comprar 4000us',0,NULL,NULL,'2026-05-12 21:31:57'),(82,1,'user','Comprar usdt',0,NULL,NULL,'2026-05-12 21:35:57'),(83,1,'user','Quero comprar 5000 dolares',0,NULL,NULL,'2026-05-13 19:11:52'),(84,2,'user','Quero comprar 5000',0,NULL,NULL,'2026-05-13 19:15:26'),(85,2,'user','comprar 700 usdt',0,NULL,NULL,'2026-05-14 17:49:06'),(86,2,'bot','A cotação atual do USDT é R$ 6,4792 (taxas inclusas). Deseja realizar uma compra agora? Basta usar o botão abaixo.',1,6.4792,700.00,'2026-05-14 17:49:06'),(87,1,'user','comprar 50000 usdt',0,NULL,NULL,'2026-05-14 18:55:18'),(88,1,'bot','A cotação atual do USDT é R$ 5,3829 (taxas inclusas). Deseja realizar uma compra agora? Basta usar o botão abaixo.',1,5.3829,50000.00,'2026-05-14 18:55:18'),(89,2,'user','comprar 5000 dólares',0,NULL,NULL,'2026-05-15 13:42:22'),(90,2,'bot','A cotação atual do USDT é R$ 6,5790 (taxas inclusas). Deseja realizar uma compra agora? Basta usar o botão abaixo.',1,6.5790,5000.00,'2026-05-15 13:42:22'),(91,1,'user','OI comprar 6000 usdt',0,NULL,NULL,'2026-05-15 20:14:38'),(92,1,'bot','当前 USDT 汇率为 R$ 5,4682（含税）。您想现在购买吗？只需点击下方的按钮。',1,5.4682,6000.00,'2026-05-15 20:14:38'),(93,1,'user','comprar 6000 usdt',0,NULL,NULL,'2026-05-18 15:04:35'),(94,1,'bot','A cotação atual do USDT é R$ 5,4093 (taxas inclusas). Deseja realizar uma compra agora? Basta usar o botão abaixo.',1,5.4093,6000.00,'2026-05-18 15:04:35'),(95,1,'user','comprar',0,NULL,NULL,'2026-05-18 19:59:03'),(96,1,'bot','A cotação atual do USDT é R$ 5,3928 (taxas inclusas). Deseja realizar uma compra agora? Basta usar o botão abaixo.',1,5.3928,0.00,'2026-05-18 19:59:03'),(97,2,'user','comprar 200',0,NULL,NULL,'2026-05-18 20:17:22'),(98,2,'bot','A cotação atual do USDT é R$ 6,5021 (taxas inclusas). Deseja realizar uma compra agora? Basta usar o botão abaixo.',1,6.5021,200.00,'2026-05-18 20:17:22'),(99,2,'user','comprar',0,NULL,NULL,'2026-05-18 20:17:55'),(100,2,'bot','A cotação atual do USDT é R$ 6,5020 (taxas inclusas). Deseja realizar uma compra agora? Basta usar o botão abaixo.',1,6.5020,0.00,'2026-05-18 20:17:55'),(101,2,'user','comprar 10',0,NULL,NULL,'2026-05-19 13:51:46'),(102,2,'bot','A cotação atual do USDT é R$ 6,5424 (taxas inclusas). Deseja realizar uma compra agora? Basta usar o botão abaixo.',1,6.5424,10.00,'2026-05-19 13:51:46'),(103,2,'user','comprar',0,NULL,NULL,'2026-05-19 13:52:13'),(104,2,'bot','A cotação atual do USDT é R$ 6,5415 (taxas inclusas). Deseja realizar uma compra agora? Basta usar o botão abaixo.',1,6.5415,0.00,'2026-05-19 13:52:13'),(105,2,'user','comprar',0,NULL,NULL,'2026-05-19 13:52:19'),(106,2,'bot','A cotação atual do USDT é R$ 6,5415 (taxas inclusas). Deseja realizar uma compra agora? Basta usar o botão abaixo.',1,6.5415,0.00,'2026-05-19 13:52:19'),(107,2,'user','1 comprar',0,NULL,NULL,'2026-05-19 13:54:38'),(108,2,'bot','A cotação atual do USDT é R$ 6,5428 (taxas inclusas). Deseja realizar uma compra agora? Basta usar o botão abaixo.',1,6.5428,1.00,'2026-05-19 13:54:38'),(109,2,'user','compra 1',0,NULL,NULL,'2026-05-19 14:01:59'),(110,2,'bot','Desculpe, eu só posso responder perguntas relacionadas à sua carteira, saldo, transações pendentes e cotação do dólar.',0,NULL,NULL,'2026-05-19 14:01:59'),(111,2,'user','comprar 1 usdt',0,NULL,NULL,'2026-05-19 14:02:04'),(112,2,'bot','A cotação atual do USDT é R$ 6,5416 (taxas inclusas). Deseja realizar uma compra agora? Basta usar o botão abaixo.',1,6.5416,1.00,'2026-05-19 14:02:04'),(113,2,'user','comprar 2',0,NULL,NULL,'2026-05-19 14:35:06'),(114,2,'bot','A cotação atual do USDT é R$ 6,5516 (taxas inclusas). Deseja realizar uma compra agora? Basta usar o botão abaixo.',1,6.5516,2.00,'2026-05-19 14:35:06'),(115,2,'user','comprar 40',0,NULL,NULL,'2026-05-19 14:35:26'),(116,2,'bot','A cotação atual do USDT é R$ 6,5516 (taxas inclusas). Deseja realizar uma compra agora? Basta usar o botão abaixo.',1,6.5516,40.00,'2026-05-19 14:35:26'),(117,2,'user','comprar',0,NULL,NULL,'2026-05-19 14:36:20'),(118,2,'bot','A cotação atual do USDT é R$ 6,5515 (taxas inclusas). Deseja realizar uma compra agora? Basta usar o botão abaixo.',1,6.5515,0.00,'2026-05-19 14:36:21'),(119,2,'user','comprar 50000',0,NULL,NULL,'2026-05-19 14:40:56'),(120,2,'bot','A cotação atual do USDT é R$ 6,5551 (taxas inclusas). Deseja realizar uma compra agora? Basta usar o botão abaixo.',1,6.5551,50000.00,'2026-05-19 14:40:56');
/*!40000 ALTER TABLE `chat_messages` ENABLE KEYS */;
UNLOCK TABLES;

--
-- Table structure for table `contracts`
--

DROP TABLE IF EXISTS `contracts`;
/*!40101 SET @saved_cs_client     = @@character_set_client */;
/*!50503 SET character_set_client = utf8mb4 */;
CREATE TABLE `contracts` (
  `id` int unsigned NOT NULL AUTO_INCREMENT,
  `transaction_id` int unsigned DEFAULT NULL,
  `user_id` int unsigned NOT NULL,
  `total_amount` decimal(10,2) NOT NULL,
  `delivered_usdt` decimal(16,2) DEFAULT '0.00',
  `total_brl` decimal(16,2) DEFAULT '0.00',
  `paid_amount` decimal(10,2) NOT NULL DEFAULT '0.00',
  `paid_client` decimal(16,2) DEFAULT '0.00',
  `remaining_balance` decimal(10,2) NOT NULL COMMENT '(Valor devedor)',
  `type` enum('d+0','d+1','d+2') COLLATE utf8mb4_general_ci DEFAULT 'd+0',
  `due_date` datetime NOT NULL,
  `status` enum('pending','partially_paid','paid','overdue') COLLATE utf8mb4_general_ci NOT NULL DEFAULT 'pending',
  `interest_accumulated` decimal(10,2) NOT NULL DEFAULT '0.00',
  `created_at` datetime DEFAULT NULL,
  `updated_at` datetime DEFAULT NULL,
  `locked_by` int unsigned DEFAULT NULL,
  `locked_at` datetime DEFAULT NULL,
  `fee_percent` decimal(18,4) DEFAULT NULL,
  `comercial_brl` decimal(18,2) DEFAULT NULL,
  `fee_brl` decimal(18,2) DEFAULT NULL,
  PRIMARY KEY (`id`),
  KEY `contracts_user_id_foreign` (`user_id`),
  CONSTRAINT `contracts_user_id_foreign` FOREIGN KEY (`user_id`) REFERENCES `users` (`id`) ON DELETE CASCADE ON UPDATE CASCADE
) ENGINE=InnoDB AUTO_INCREMENT=6 DEFAULT CHARSET=utf8mb4 COLLATE=utf8mb4_general_ci;
/*!40101 SET character_set_client = @saved_cs_client */;

--
-- Dumping data for table `contracts`
--

LOCK TABLES `contracts` WRITE;
/*!40000 ALTER TABLE `contracts` DISABLE KEYS */;
INSERT INTO `contracts` VALUES (1,1,2,1.00,1.00,6.55,6.55,0.00,0.00,'d+0','2026-05-19 14:36:24','paid',0.00,'2026-05-19 14:36:24','2026-05-19 14:37:02',NULL,NULL,30.0000,5.04,1.51),(2,3,2,1.00,0.00,6.55,0.00,0.00,6.55,'d+0','2026-05-19 14:37:39','pending',0.00,'2026-05-19 14:37:39','2026-05-19 14:37:39',NULL,NULL,30.0000,5.04,1.51),(3,4,2,100.00,100.00,655.07,655.07,0.00,0.00,'d+0','2026-05-19 14:39:13','paid',0.00,'2026-05-19 14:39:13','2026-05-19 14:40:06',NULL,NULL,30.0000,503.90,151.17),(4,6,2,5000.00,2500.00,32775.60,32775.60,0.00,0.00,'d+0','2026-05-19 14:41:03','paid',0.00,'2026-05-19 14:41:03','2026-05-19 14:42:20',NULL,NULL,30.0000,25212.00,7563.60),(5,8,2,5000.00,5000.00,32780.15,32780.15,0.00,0.00,'d+0','2026-05-19 14:43:56','paid',0.00,'2026-05-19 14:43:56','2026-05-19 14:44:31',NULL,NULL,30.0000,25215.50,7564.65);
/*!40000 ALTER TABLE `contracts` ENABLE KEYS */;
UNLOCK TABLES;

--
-- Table structure for table `dollar_history`
--

DROP TABLE IF EXISTS `dollar_history`;
/*!40101 SET @saved_cs_client     = @@character_set_client */;
/*!50503 SET character_set_client = utf8mb4 */;
CREATE TABLE `dollar_history` (
  `id` int unsigned NOT NULL AUTO_INCREMENT,
  `base_rate` decimal(10,4) NOT NULL,
  `created_at` datetime DEFAULT NULL,
  PRIMARY KEY (`id`)
) ENGINE=InnoDB AUTO_INCREMENT=588 DEFAULT CHARSET=utf8mb4 COLLATE=utf8mb4_general_ci;
/*!40101 SET character_set_client = @saved_cs_client */;

--
-- Dumping data for table `dollar_history`
--

LOCK TABLES `dollar_history` WRITE;
/*!40000 ALTER TABLE `dollar_history` DISABLE KEYS */;
INSERT INTO `dollar_history` VALUES (3,4.9051,'2026-05-11 14:46:45'),(4,4.9015,'2026-05-11 14:31:45'),(5,4.9048,'2026-05-11 14:16:45'),(6,4.9053,'2026-05-11 14:01:45'),(7,4.9146,'2026-05-11 13:46:45'),(8,4.9104,'2026-05-11 13:31:45'),(9,4.9030,'2026-05-11 13:16:45'),(10,4.9035,'2026-05-11 13:01:45'),(11,4.9126,'2026-05-11 12:46:45'),(12,4.9213,'2026-05-11 12:31:45'),(13,4.9183,'2026-05-11 12:16:45'),(14,4.9139,'2026-05-11 12:01:45'),(15,4.9086,'2026-05-11 11:46:45'),(16,4.9169,'2026-05-11 11:31:45'),(17,4.9199,'2026-05-11 11:16:45'),(18,4.9132,'2026-05-11 11:01:45'),(19,4.9050,'2026-05-11 10:46:45'),(20,4.9014,'2026-05-11 10:31:45'),(21,4.9071,'2026-05-11 10:16:45'),(22,4.9108,'2026-05-11 10:01:45'),(23,4.9179,'2026-05-11 09:46:45'),(24,4.9215,'2026-05-11 09:31:45'),(25,4.9179,'2026-05-11 09:16:45'),(26,4.9234,'2026-05-11 09:01:45'),(27,4.9279,'2026-05-11 08:46:45'),(28,4.9366,'2026-05-11 08:31:45'),(29,4.9266,'2026-05-11 08:16:45'),(30,4.9256,'2026-05-11 08:01:45'),(31,4.9275,'2026-05-11 07:46:45'),(32,4.9258,'2026-05-11 07:31:45'),(33,4.9298,'2026-05-11 07:16:45'),(34,4.9240,'2026-05-11 07:01:45'),(35,4.9333,'2026-05-11 06:46:45'),(36,4.9413,'2026-05-11 06:31:45'),(37,4.9405,'2026-05-11 06:16:45'),(38,4.9419,'2026-05-11 06:01:45'),(39,4.9392,'2026-05-11 05:46:45'),(40,4.9295,'2026-05-11 05:31:45'),(41,4.9267,'2026-05-11 05:16:45'),(42,4.9305,'2026-05-11 05:01:45'),(43,4.9384,'2026-05-11 04:46:45'),(44,4.9460,'2026-05-11 04:31:45'),(45,4.9384,'2026-05-11 04:16:45'),(46,4.9390,'2026-05-11 04:01:45'),(47,4.9424,'2026-05-11 03:46:45'),(48,4.9423,'2026-05-11 03:31:45'),(49,4.9466,'2026-05-11 03:16:45'),(50,4.9526,'2026-05-11 03:01:45'),(51,4.9617,'2026-05-11 02:46:45'),(52,4.9661,'2026-05-11 02:31:45'),(53,4.9086,'2026-05-11 14:47:19'),(54,4.9107,'2026-05-11 14:48:25'),(55,4.9107,'2026-05-11 14:52:17'),(56,4.9135,'2026-05-11 15:01:01'),(57,4.9135,'2026-05-11 15:02:26'),(58,4.9191,'2026-05-11 15:03:30'),(59,4.9191,'2026-05-11 15:04:40'),(60,4.9191,'2026-05-11 15:05:16'),(61,4.9194,'2026-05-11 15:10:56'),(62,4.9194,'2026-05-11 15:11:39'),(63,4.9194,'2026-05-11 15:12:13'),(64,4.9207,'2026-05-11 15:13:23'),(65,4.9207,'2026-05-11 15:17:21'),(66,4.9191,'2026-05-11 15:18:14'),(67,4.9194,'2026-05-11 15:27:08'),(68,4.9184,'2026-05-11 15:28:48'),(69,4.9183,'2026-05-11 15:33:03'),(70,4.9183,'2026-05-11 15:34:28'),(71,4.9183,'2026-05-11 15:35:24'),(72,4.9183,'2026-05-11 15:36:52'),(73,4.9183,'2026-05-11 15:37:56'),(74,4.9195,'2026-05-11 15:40:04'),(75,4.9195,'2026-05-11 15:41:06'),(76,4.9195,'2026-05-11 15:42:31'),(77,4.9166,'2026-05-11 15:43:33'),(78,4.9166,'2026-05-11 15:44:18'),(79,4.9166,'2026-05-11 15:45:04'),(80,4.9166,'2026-05-11 15:46:16'),(81,4.9197,'2026-05-11 15:49:01'),(82,4.9197,'2026-05-11 15:52:04'),(83,4.9197,'2026-05-11 15:53:07'),(84,4.9208,'2026-05-11 15:54:08'),(85,4.9208,'2026-05-11 15:55:23'),(86,4.9208,'2026-05-11 15:56:14'),(87,4.9208,'2026-05-11 15:57:06'),(88,4.9003,'2026-05-11 17:35:20'),(89,4.9003,'2026-05-11 17:35:57'),(90,4.9003,'2026-05-11 17:48:04'),(91,4.9003,'2026-05-11 17:48:58'),(92,4.9003,'2026-05-11 17:49:35'),(93,4.9003,'2026-05-11 17:50:43'),(94,4.9003,'2026-05-11 17:51:24'),(95,4.9003,'2026-05-11 17:53:18'),(96,4.9003,'2026-05-11 17:54:49'),(97,4.9003,'2026-05-11 17:55:22'),(98,4.9003,'2026-05-11 17:56:59'),(99,4.9003,'2026-05-11 17:58:21'),(100,4.8993,'2026-05-11 17:59:05'),(101,4.8971,'2026-05-11 18:03:08'),(102,4.8971,'2026-05-11 18:04:05'),(103,4.8972,'2026-05-11 18:05:26'),(104,4.8972,'2026-05-11 18:06:26'),(105,4.8980,'2026-05-11 18:09:40'),(106,4.8980,'2026-05-11 18:10:32'),(107,4.8990,'2026-05-11 18:12:26'),(108,4.8991,'2026-05-11 18:14:22'),(109,4.8991,'2026-05-11 18:16:30'),(110,4.8991,'2026-05-11 18:17:14'),(111,4.8990,'2026-05-11 18:17:47'),(112,4.8990,'2026-05-11 18:18:36'),(113,4.8990,'2026-05-11 18:19:33'),(114,4.8990,'2026-05-11 18:20:29'),(115,4.8992,'2026-05-11 18:21:25'),(116,4.8981,'2026-05-11 18:22:18'),(117,4.8994,'2026-05-11 18:24:58'),(118,4.8995,'2026-05-11 18:25:54'),(119,4.8996,'2026-05-11 18:26:40'),(120,4.8993,'2026-05-11 18:27:42'),(121,4.8981,'2026-05-11 18:29:51'),(122,4.8982,'2026-05-11 18:31:01'),(123,4.8981,'2026-05-11 18:32:22'),(124,4.8981,'2026-05-11 18:33:59'),(125,4.8981,'2026-05-11 18:34:34'),(126,4.8982,'2026-05-11 18:50:21'),(127,4.8972,'2026-05-11 18:54:23'),(128,4.8960,'2026-05-11 18:57:18'),(129,4.8959,'2026-05-11 18:58:38'),(130,4.8959,'2026-05-11 19:02:13'),(131,4.8974,'2026-05-11 19:03:46'),(132,4.8980,'2026-05-11 19:06:37'),(133,4.8984,'2026-05-11 19:10:14'),(134,4.8987,'2026-05-11 19:10:51'),(135,4.8994,'2026-05-11 19:12:09'),(136,4.8988,'2026-05-11 19:17:38'),(137,4.8988,'2026-05-11 19:21:09'),(138,4.8988,'2026-05-11 19:25:00'),(139,4.8998,'2026-05-11 19:33:30'),(140,4.8998,'2026-05-11 19:34:50'),(141,4.9011,'2026-05-11 19:42:28'),(142,4.9002,'2026-05-11 19:53:33'),(143,4.9002,'2026-05-11 19:54:57'),(144,4.8973,'2026-05-11 20:07:55'),(145,4.8974,'2026-05-11 20:12:14'),(146,4.8973,'2026-05-11 20:13:56'),(147,4.8985,'2026-05-11 20:45:32'),(148,4.8984,'2026-05-11 20:49:10'),(149,4.8984,'2026-05-11 20:50:50'),(150,4.8988,'2026-05-11 21:12:38'),(151,4.8985,'2026-05-11 21:14:21'),(152,4.8984,'2026-05-11 21:15:04'),(153,4.8984,'2026-05-11 21:16:36'),(154,4.8974,'2026-05-11 21:20:46'),(155,4.8963,'2026-05-11 21:22:39'),(156,4.8963,'2026-05-11 21:27:26'),(157,4.8963,'2026-05-11 21:28:59'),(158,4.8962,'2026-05-11 21:30:51'),(159,4.8966,'2026-05-11 21:34:20'),(160,4.8966,'2026-05-11 21:34:59'),(161,4.8965,'2026-05-11 21:35:46'),(162,4.8966,'2026-05-11 21:36:59'),(163,4.8966,'2026-05-11 21:37:46'),(164,4.8965,'2026-05-11 21:39:07'),(165,4.8966,'2026-05-11 21:39:57'),(166,4.8978,'2026-05-11 21:42:00'),(167,4.8979,'2026-05-11 21:42:35'),(168,4.8979,'2026-05-11 21:45:37'),(169,4.8978,'2026-05-11 21:46:45'),(170,4.8964,'2026-05-12 12:59:28'),(171,4.8951,'2026-05-12 13:00:15'),(172,4.8954,'2026-05-12 13:03:47'),(173,4.8959,'2026-05-12 13:13:28'),(174,4.8988,'2026-05-12 13:15:03'),(175,4.8988,'2026-05-12 13:15:40'),(176,4.9000,'2026-05-12 13:16:21'),(177,4.9013,'2026-05-12 13:17:29'),(178,4.9033,'2026-05-12 13:20:29'),(179,4.9032,'2026-05-12 13:21:01'),(180,4.9038,'2026-05-12 13:21:32'),(181,4.9027,'2026-05-12 13:22:42'),(182,4.9008,'2026-05-12 13:23:23'),(183,4.9009,'2026-05-12 13:24:04'),(184,4.9026,'2026-05-12 13:25:33'),(185,4.9026,'2026-05-12 13:27:32'),(186,4.9026,'2026-05-12 13:28:45'),(187,4.9026,'2026-05-12 13:29:19'),(188,4.9024,'2026-05-12 13:30:52'),(189,4.9017,'2026-05-12 13:33:20'),(190,4.9017,'2026-05-12 13:35:15'),(191,4.9017,'2026-05-12 13:36:53'),(192,4.9017,'2026-05-12 13:38:23'),(193,4.9025,'2026-05-12 13:42:57'),(194,4.9017,'2026-05-12 13:44:25'),(195,4.9037,'2026-05-12 13:46:21'),(196,4.9050,'2026-05-12 13:54:00'),(197,4.9069,'2026-05-12 13:54:53'),(198,4.9055,'2026-05-12 13:59:02'),(199,4.9029,'2026-05-12 14:11:47'),(200,4.9029,'2026-05-12 14:12:29'),(201,4.9029,'2026-05-12 14:16:36'),(202,4.9029,'2026-05-12 14:17:34'),(203,4.9029,'2026-05-12 14:18:12'),(204,4.9029,'2026-05-12 14:20:36'),(205,4.9053,'2026-05-12 14:22:20'),(206,4.9052,'2026-05-12 14:22:54'),(207,4.9052,'2026-05-12 14:25:58'),(208,4.9054,'2026-05-12 14:27:40'),(209,4.9054,'2026-05-12 14:31:05'),(210,4.9053,'2026-05-12 14:42:37'),(211,4.9002,'2026-05-12 16:11:10'),(212,4.9001,'2026-05-12 16:13:02'),(213,4.9002,'2026-05-12 16:22:30'),(214,4.9002,'2026-05-12 16:48:20'),(215,4.9002,'2026-05-12 16:52:28'),(216,4.9003,'2026-05-12 16:58:59'),(217,4.9003,'2026-05-12 17:00:01'),(218,4.9003,'2026-05-12 17:00:33'),(219,4.9002,'2026-05-12 17:01:07'),(220,4.9003,'2026-05-12 17:02:33'),(221,4.9003,'2026-05-12 17:03:04'),(222,4.8985,'2026-05-12 17:03:57'),(223,4.8981,'2026-05-12 17:04:31'),(224,4.8993,'2026-05-12 17:05:12'),(225,4.8993,'2026-05-12 17:06:03'),(226,4.8993,'2026-05-12 17:06:42'),(227,4.8993,'2026-05-12 17:07:36'),(228,4.8993,'2026-05-12 17:08:08'),(229,4.8994,'2026-05-12 17:08:51'),(230,4.8994,'2026-05-12 17:10:05'),(231,4.8994,'2026-05-12 17:10:43'),(232,4.8994,'2026-05-12 17:11:22'),(233,4.8994,'2026-05-12 17:11:57'),(234,4.8993,'2026-05-12 17:12:59'),(235,4.8994,'2026-05-12 17:13:52'),(236,4.8993,'2026-05-12 17:14:24'),(237,4.8994,'2026-05-12 17:14:56'),(238,4.8994,'2026-05-12 17:16:41'),(239,4.8994,'2026-05-12 17:18:46'),(240,4.8994,'2026-05-12 17:20:29'),(241,4.8981,'2026-05-12 17:21:13'),(242,4.9009,'2026-05-12 17:26:45'),(243,4.8954,'2026-05-12 17:31:34'),(244,4.8940,'2026-05-12 17:32:38'),(245,4.8953,'2026-05-12 17:33:26'),(246,4.8952,'2026-05-12 17:36:50'),(247,4.8959,'2026-05-12 17:38:20'),(248,4.8958,'2026-05-12 17:40:08'),(249,4.8953,'2026-05-12 17:41:55'),(250,4.8953,'2026-05-12 17:42:31'),(251,4.8954,'2026-05-12 17:43:13'),(252,4.8954,'2026-05-12 17:44:37'),(253,4.8978,'2026-05-12 18:00:14'),(254,4.8955,'2026-05-12 18:02:57'),(255,4.8964,'2026-05-12 18:06:52'),(256,4.8964,'2026-05-12 18:07:42'),(257,4.8973,'2026-05-12 18:09:22'),(258,4.8973,'2026-05-12 18:11:54'),(259,4.8960,'2026-05-12 18:12:47'),(260,4.8961,'2026-05-12 18:13:18'),(261,4.8961,'2026-05-12 18:13:50'),(262,4.8975,'2026-05-12 18:15:24'),(263,4.8975,'2026-05-12 18:16:54'),(264,4.8974,'2026-05-12 18:18:31'),(265,4.8975,'2026-05-12 18:19:10'),(266,4.8973,'2026-05-12 18:20:04'),(267,4.8951,'2026-05-12 18:21:32'),(268,4.8958,'2026-05-12 18:23:32'),(269,4.8963,'2026-05-12 18:25:57'),(270,4.8950,'2026-05-12 18:28:17'),(271,4.8951,'2026-05-12 18:30:16'),(272,4.8950,'2026-05-12 18:32:57'),(273,4.8951,'2026-05-12 18:33:31'),(274,4.8944,'2026-05-12 18:36:33'),(275,4.8952,'2026-05-12 18:48:57'),(276,4.8946,'2026-05-12 18:59:12'),(277,4.8940,'2026-05-12 19:02:14'),(278,4.8947,'2026-05-12 19:05:39'),(279,4.8947,'2026-05-12 19:06:20'),(280,4.8939,'2026-05-12 19:13:16'),(281,4.8937,'2026-05-12 19:17:03'),(282,4.8952,'2026-05-12 19:21:06'),(283,4.8951,'2026-05-12 19:21:59'),(284,4.8980,'2026-05-12 19:29:26'),(285,4.8999,'2026-05-12 20:46:26'),(286,4.8999,'2026-05-12 20:48:56'),(287,4.8998,'2026-05-12 20:49:46'),(288,4.8998,'2026-05-12 20:50:25'),(289,4.8999,'2026-05-12 20:51:07'),(290,4.8997,'2026-05-12 20:51:49'),(291,4.8996,'2026-05-12 20:53:43'),(292,4.8999,'2026-05-12 20:57:23'),(293,4.8999,'2026-05-12 20:59:38'),(294,4.8980,'2026-05-12 21:03:35'),(295,4.8981,'2026-05-12 21:04:16'),(296,4.8981,'2026-05-12 21:04:51'),(297,4.8981,'2026-05-12 21:05:31'),(298,4.8981,'2026-05-12 21:06:56'),(299,4.8980,'2026-05-12 21:07:34'),(300,4.8984,'2026-05-12 21:08:42'),(301,4.8983,'2026-05-12 21:10:13'),(302,4.8983,'2026-05-12 21:10:53'),(303,4.8984,'2026-05-12 21:12:38'),(304,4.8984,'2026-05-12 21:13:38'),(305,4.8984,'2026-05-12 21:14:39'),(306,4.8984,'2026-05-12 21:15:37'),(307,4.8984,'2026-05-12 21:16:23'),(308,4.8983,'2026-05-12 21:17:20'),(309,4.8981,'2026-05-12 21:19:10'),(310,4.8980,'2026-05-12 21:20:08'),(311,4.8980,'2026-05-12 21:21:23'),(312,4.8981,'2026-05-12 21:23:38'),(313,4.8980,'2026-05-12 21:24:10'),(314,4.8981,'2026-05-12 21:24:51'),(315,4.8980,'2026-05-12 21:25:43'),(316,4.8981,'2026-05-12 21:26:35'),(317,4.8980,'2026-05-12 21:27:13'),(318,4.8980,'2026-05-12 21:28:18'),(319,4.8980,'2026-05-12 21:28:58'),(320,4.8993,'2026-05-12 21:30:01'),(321,4.8998,'2026-05-12 21:31:02'),(322,4.9000,'2026-05-12 21:33:38'),(323,4.9000,'2026-05-12 21:35:01'),(324,4.9000,'2026-05-12 21:35:53'),(325,4.9618,'2026-05-13 18:01:41'),(326,4.9668,'2026-05-13 18:02:19'),(327,4.9607,'2026-05-13 18:03:08'),(328,4.9592,'2026-05-13 18:07:29'),(329,4.9635,'2026-05-13 18:08:17'),(330,4.9737,'2026-05-13 18:10:00'),(331,4.9701,'2026-05-13 18:10:43'),(332,4.9861,'2026-05-13 18:47:35'),(333,4.9887,'2026-05-13 18:49:44'),(334,4.9888,'2026-05-13 18:50:19'),(335,4.9844,'2026-05-13 18:50:52'),(336,4.9835,'2026-05-13 18:51:51'),(337,4.9845,'2026-05-13 18:54:04'),(338,4.9827,'2026-05-13 18:55:53'),(339,4.9873,'2026-05-13 19:10:53'),(340,4.9890,'2026-05-13 19:12:30'),(341,4.9891,'2026-05-13 19:14:58'),(342,4.9920,'2026-05-13 19:16:34'),(343,4.9919,'2026-05-13 19:17:20'),(344,4.9907,'2026-05-13 19:22:37'),(345,4.9921,'2026-05-13 19:24:13'),(346,4.9916,'2026-05-13 19:25:02'),(347,4.9942,'2026-05-13 19:28:22'),(348,4.9987,'2026-05-13 19:44:23'),(349,4.9988,'2026-05-13 19:49:09'),(350,4.9872,'2026-05-14 16:26:08'),(351,4.9878,'2026-05-14 16:26:53'),(352,4.9917,'2026-05-14 16:29:33'),(353,4.9914,'2026-05-14 16:31:19'),(354,4.9866,'2026-05-14 17:42:18'),(355,4.9864,'2026-05-14 17:44:12'),(356,4.9840,'2026-05-14 17:48:49'),(357,4.9840,'2026-05-14 17:49:52'),(358,4.9892,'2026-05-14 17:58:51'),(359,4.9863,'2026-05-14 18:15:18'),(360,4.9872,'2026-05-14 18:16:34'),(361,4.9869,'2026-05-14 18:20:57'),(362,4.9869,'2026-05-14 18:21:48'),(363,4.9857,'2026-05-14 18:22:59'),(364,4.9934,'2026-05-14 18:54:14'),(365,4.9934,'2026-05-14 18:55:36'),(366,4.9919,'2026-05-14 18:57:44'),(367,4.9919,'2026-05-14 18:58:21'),(368,4.9895,'2026-05-14 19:14:18'),(369,4.9895,'2026-05-14 19:16:11'),(370,4.9933,'2026-05-14 19:48:54'),(371,5.0519,'2026-05-15 13:08:24'),(372,5.0582,'2026-05-15 13:14:32'),(373,5.0557,'2026-05-15 13:22:03'),(374,5.0512,'2026-05-15 13:24:32'),(375,5.0478,'2026-05-15 13:25:23'),(376,5.0491,'2026-05-15 13:29:52'),(377,5.0516,'2026-05-15 13:35:00'),(378,5.0519,'2026-05-15 13:35:53'),(379,5.0531,'2026-05-15 13:36:46'),(380,5.0577,'2026-05-15 13:39:06'),(381,5.0590,'2026-05-15 13:39:43'),(382,5.0608,'2026-05-15 13:42:15'),(383,5.0711,'2026-05-15 13:49:42'),(384,5.0673,'2026-05-15 13:59:22'),(385,5.0494,'2026-05-15 14:23:03'),(386,5.0499,'2026-05-15 14:24:41'),(387,5.0536,'2026-05-15 14:28:15'),(388,5.0589,'2026-05-15 14:43:34'),(389,5.0648,'2026-05-15 14:47:12'),(390,5.0706,'2026-05-15 15:03:16'),(391,5.0737,'2026-05-15 16:32:58'),(392,5.0730,'2026-05-15 16:41:53'),(393,5.0715,'2026-05-15 17:02:42'),(394,5.0702,'2026-05-15 17:11:09'),(395,5.0731,'2026-05-15 19:52:43'),(396,5.0730,'2026-05-15 19:53:41'),(397,5.0766,'2026-05-15 19:57:34'),(398,5.0766,'2026-05-15 19:58:24'),(399,5.0725,'2026-05-15 20:11:21'),(400,5.0725,'2026-05-15 20:14:30'),(401,5.0722,'2026-05-15 20:28:11'),(402,5.0707,'2026-05-15 20:33:32'),(403,5.0655,'2026-05-15 20:41:52'),(404,5.0179,'2026-05-18 15:04:30'),(405,5.0156,'2026-05-18 15:14:42'),(406,5.0037,'2026-05-18 16:55:58'),(407,5.0038,'2026-05-18 16:58:47'),(408,5.0026,'2026-05-18 19:54:00'),(409,5.0025,'2026-05-18 20:06:11'),(410,5.0000,'2026-05-18 20:06:42'),(411,5.0001,'2026-05-18 20:07:13'),(412,5.0000,'2026-05-18 20:07:44'),(413,5.0000,'2026-05-18 20:08:15'),(414,5.0007,'2026-05-18 20:08:46'),(415,5.0007,'2026-05-18 20:09:17'),(416,5.0007,'2026-05-18 20:09:48'),(417,5.0008,'2026-05-18 20:10:19'),(418,5.0014,'2026-05-18 20:10:50'),(419,5.0013,'2026-05-18 20:11:21'),(420,5.0016,'2026-05-18 20:11:52'),(421,5.0016,'2026-05-18 20:12:23'),(422,5.0015,'2026-05-18 20:12:54'),(423,5.0015,'2026-05-18 20:13:25'),(424,5.0015,'2026-05-18 20:13:56'),(425,5.0016,'2026-05-18 20:14:27'),(426,5.0015,'2026-05-18 20:14:58'),(427,5.0015,'2026-05-18 20:15:29'),(428,5.0015,'2026-05-18 20:16:00'),(429,5.0015,'2026-05-18 20:16:31'),(430,5.0016,'2026-05-18 20:17:17'),(431,5.0015,'2026-05-18 20:17:48'),(432,5.0015,'2026-05-18 20:18:19'),(433,5.0015,'2026-05-18 20:18:51'),(434,5.0015,'2026-05-18 20:19:22'),(435,5.0015,'2026-05-18 20:19:53'),(436,5.0015,'2026-05-18 20:20:24'),(437,5.0015,'2026-05-18 20:20:55'),(438,5.0015,'2026-05-18 20:21:26'),(439,5.0015,'2026-05-18 20:21:57'),(440,5.0016,'2026-05-18 20:22:28'),(441,5.0016,'2026-05-18 20:22:59'),(442,5.0018,'2026-05-18 20:23:30'),(443,5.0028,'2026-05-18 20:24:01'),(444,5.0029,'2026-05-18 20:24:32'),(445,5.0029,'2026-05-18 20:25:03'),(446,5.0028,'2026-05-18 20:25:34'),(447,5.0028,'2026-05-18 20:26:05'),(448,5.0028,'2026-05-18 20:26:36'),(449,5.0028,'2026-05-18 20:27:07'),(450,5.0028,'2026-05-18 20:27:38'),(451,5.0028,'2026-05-18 20:28:10'),(452,4.9955,'2026-05-18 21:25:11'),(453,4.9956,'2026-05-18 21:34:41'),(454,4.9955,'2026-05-18 21:35:12'),(455,4.9956,'2026-05-18 21:35:43'),(456,4.9955,'2026-05-18 21:36:14'),(457,4.9955,'2026-05-18 21:36:45'),(458,4.9955,'2026-05-18 21:37:16'),(459,4.9956,'2026-05-18 21:37:47'),(460,4.9956,'2026-05-18 21:38:18'),(461,4.9955,'2026-05-18 21:38:49'),(462,4.9956,'2026-05-18 21:39:20'),(463,4.9956,'2026-05-18 21:39:51'),(464,4.9956,'2026-05-18 21:40:23'),(465,4.9955,'2026-05-18 21:41:12'),(466,5.0377,'2026-05-19 13:33:30'),(467,5.0364,'2026-05-19 13:34:01'),(468,5.0359,'2026-05-19 13:34:32'),(469,5.0376,'2026-05-19 13:35:09'),(470,5.0369,'2026-05-19 13:35:54'),(471,5.0320,'2026-05-19 13:37:27'),(472,5.0320,'2026-05-19 13:37:58'),(473,5.0319,'2026-05-19 13:38:29'),(474,5.0325,'2026-05-19 13:50:51'),(475,5.0326,'2026-05-19 13:51:22'),(476,5.0319,'2026-05-19 13:51:53'),(477,5.0320,'2026-05-19 13:52:24'),(478,5.0312,'2026-05-19 13:52:55'),(479,5.0308,'2026-05-19 13:53:26'),(480,5.0307,'2026-05-19 13:53:57'),(481,5.0329,'2026-05-19 13:54:29'),(482,5.0328,'2026-05-19 13:55:00'),(483,5.0308,'2026-05-19 13:55:31'),(484,5.0307,'2026-05-19 13:56:02'),(485,5.0307,'2026-05-19 13:56:33'),(486,5.0308,'2026-05-19 13:57:04'),(487,5.0308,'2026-05-19 13:57:35'),(488,5.0308,'2026-05-19 13:58:07'),(489,5.0314,'2026-05-19 13:58:38'),(490,5.0320,'2026-05-19 13:59:09'),(491,5.0320,'2026-05-19 13:59:40'),(492,5.0319,'2026-05-19 14:00:11'),(493,5.0331,'2026-05-19 14:00:42'),(494,5.0320,'2026-05-19 14:01:13'),(495,5.0320,'2026-05-19 14:01:44'),(496,5.0321,'2026-05-19 14:02:15'),(497,5.0321,'2026-05-19 14:02:46'),(498,5.0288,'2026-05-19 14:03:17'),(499,5.0288,'2026-05-19 14:03:48'),(500,5.0286,'2026-05-19 14:04:19'),(501,5.0266,'2026-05-19 14:04:50'),(502,5.0263,'2026-05-19 14:05:21'),(503,5.0263,'2026-05-19 14:05:52'),(504,5.0270,'2026-05-19 14:06:23'),(505,5.0281,'2026-05-19 14:06:54'),(506,5.0287,'2026-05-19 14:07:25'),(507,5.0300,'2026-05-19 14:07:56'),(508,5.0307,'2026-05-19 14:08:27'),(509,5.0309,'2026-05-19 14:08:58'),(510,5.0311,'2026-05-19 14:09:29'),(511,5.0323,'2026-05-19 14:10:00'),(512,5.0324,'2026-05-19 14:10:31'),(513,5.0320,'2026-05-19 14:11:02'),(514,5.0320,'2026-05-19 14:11:33'),(515,5.0305,'2026-05-19 14:12:04'),(516,5.0316,'2026-05-19 14:12:35'),(517,5.0316,'2026-05-19 14:13:06'),(518,5.0316,'2026-05-19 14:13:37'),(519,5.0316,'2026-05-19 14:14:08'),(520,5.0316,'2026-05-19 14:14:39'),(521,5.0317,'2026-05-19 14:15:10'),(522,5.0316,'2026-05-19 14:15:41'),(523,5.0317,'2026-05-19 14:16:12'),(524,5.0317,'2026-05-19 14:16:43'),(525,5.0316,'2026-05-19 14:17:14'),(526,5.0328,'2026-05-19 14:17:45'),(527,5.0334,'2026-05-19 14:18:16'),(528,5.0334,'2026-05-19 14:18:47'),(529,5.0349,'2026-05-19 14:19:18'),(530,5.0371,'2026-05-19 14:19:49'),(531,5.0368,'2026-05-19 14:20:20'),(532,5.0377,'2026-05-19 14:20:51'),(533,5.0390,'2026-05-19 14:21:22'),(534,5.0397,'2026-05-19 14:21:53'),(535,5.0397,'2026-05-19 14:22:24'),(536,5.0397,'2026-05-19 14:22:55'),(537,5.0377,'2026-05-19 14:23:26'),(538,5.0385,'2026-05-19 14:23:57'),(539,5.0401,'2026-05-19 14:24:28'),(540,5.0407,'2026-05-19 14:24:59'),(541,5.0417,'2026-05-19 14:25:30'),(542,5.0420,'2026-05-19 14:26:01'),(543,5.0422,'2026-05-19 14:26:32'),(544,5.0406,'2026-05-19 14:27:03'),(545,5.0407,'2026-05-19 14:27:34'),(546,5.0407,'2026-05-19 14:28:05'),(547,5.0380,'2026-05-19 14:28:36'),(548,5.0390,'2026-05-19 14:29:07'),(549,5.0391,'2026-05-19 14:29:38'),(550,5.0377,'2026-05-19 14:30:09'),(551,5.0391,'2026-05-19 14:30:40'),(552,5.0391,'2026-05-19 14:31:11'),(553,5.0391,'2026-05-19 14:31:42'),(554,5.0379,'2026-05-19 14:32:13'),(555,5.0391,'2026-05-19 14:32:44'),(556,5.0396,'2026-05-19 14:33:15'),(557,5.0396,'2026-05-19 14:33:46'),(558,5.0396,'2026-05-19 14:34:17'),(559,5.0397,'2026-05-19 14:34:48'),(560,5.0397,'2026-05-19 14:35:19'),(561,5.0396,'2026-05-19 14:35:50'),(562,5.0397,'2026-05-19 14:36:21'),(563,5.0397,'2026-05-19 14:36:52'),(564,5.0371,'2026-05-19 14:37:23'),(565,5.0368,'2026-05-19 14:37:54'),(566,5.0381,'2026-05-19 14:38:25'),(567,5.0389,'2026-05-19 14:38:56'),(568,5.0395,'2026-05-19 14:39:27'),(569,5.0394,'2026-05-19 14:39:58'),(570,5.0424,'2026-05-19 14:40:29'),(571,5.0424,'2026-05-19 14:41:00'),(572,5.0425,'2026-05-19 14:41:31'),(573,5.0410,'2026-05-19 14:42:02'),(574,5.0407,'2026-05-19 14:42:33'),(575,5.0421,'2026-05-19 14:43:04'),(576,5.0425,'2026-05-19 14:43:35'),(577,5.0439,'2026-05-19 14:44:06'),(578,5.0439,'2026-05-19 14:44:37'),(579,5.0439,'2026-05-19 14:45:08'),(580,5.0440,'2026-05-19 14:45:39'),(581,5.0441,'2026-05-19 14:46:10'),(582,5.0442,'2026-05-19 14:46:41'),(583,5.0442,'2026-05-19 14:47:12'),(584,5.0440,'2026-05-19 14:47:43'),(585,5.0459,'2026-05-19 14:48:14'),(586,5.0463,'2026-05-19 14:48:45'),(587,5.0460,'2026-05-19 14:49:16');
/*!40000 ALTER TABLE `dollar_history` ENABLE KEYS */;
UNLOCK TABLES;

--
-- Table structure for table `financial_statements`
--

DROP TABLE IF EXISTS `financial_statements`;
/*!40101 SET @saved_cs_client     = @@character_set_client */;
/*!50503 SET character_set_client = utf8mb4 */;
CREATE TABLE `financial_statements` (
  `id` int unsigned NOT NULL AUTO_INCREMENT,
  `user_id` int unsigned NOT NULL,
  `admin_id` int unsigned DEFAULT NULL,
  `contract_id` int unsigned DEFAULT NULL COMMENT 'Null if standard account deposit/withdrawal',
  `operation_type` enum('deposit','withdrawal','margin_lock','limit_release','partial_amortization','full_settlement','late_fee') NOT NULL,
  `nature` enum('C','D') NOT NULL COMMENT 'C = Credit (In), D = Debit (Out)',
  `amount` decimal(15,2) NOT NULL,
  `description` varchar(255) NOT NULL,
  `attachment` varchar(255) DEFAULT NULL,
  `payment_method` varchar(50) DEFAULT NULL,
  `notes` text,
  `transaction_date` datetime NOT NULL,
  `created_at` timestamp NULL DEFAULT CURRENT_TIMESTAMP,
  `fee_percent` decimal(18,4) DEFAULT NULL,
  `comercial_brl` decimal(18,2) DEFAULT NULL,
  `fee_brl` decimal(18,2) DEFAULT NULL,
  PRIMARY KEY (`id`),
  KEY `fk_statement_user` (`user_id`),
  KEY `fk_statement_contract` (`contract_id`),
  KEY `fk_statement_admin` (`admin_id`),
  CONSTRAINT `fk_statement_admin` FOREIGN KEY (`admin_id`) REFERENCES `users` (`id`) ON DELETE SET NULL,
  CONSTRAINT `fk_statement_contract` FOREIGN KEY (`contract_id`) REFERENCES `contracts` (`id`) ON DELETE RESTRICT,
  CONSTRAINT `fk_statement_user` FOREIGN KEY (`user_id`) REFERENCES `users` (`id`) ON DELETE RESTRICT
) ENGINE=InnoDB AUTO_INCREMENT=14 DEFAULT CHARSET=utf8mb4 COLLATE=utf8mb4_0900_ai_ci;
/*!40101 SET character_set_client = @saved_cs_client */;

--
-- Dumping data for table `financial_statements`
--

LOCK TABLES `financial_statements` WRITE;
/*!40000 ALTER TABLE `financial_statements` DISABLE KEYS */;
INSERT INTO `financial_statements` VALUES (1,2,NULL,1,'margin_lock','D',1.00,'Bloqueio de Margem (Garantia) - Contrato #1',NULL,NULL,NULL,'2026-05-19 14:36:24','2026-05-19 17:36:24',30.0000,5.04,1.51),(2,2,7,1,'full_settlement','C',6.55,'Amortização BRL - Contrato #1',NULL,'Pix','','2026-05-19 14:36:50','2026-05-19 17:36:50',NULL,NULL,NULL),(3,2,7,1,'withdrawal','D',1.00,'Envio de USDT - Contrato #1',NULL,NULL,'','2026-05-19 14:37:02','2026-05-19 17:37:02',NULL,NULL,NULL),(4,2,NULL,2,'margin_lock','D',1.00,'Bloqueio de Margem (Garantia) - Contrato #2',NULL,NULL,NULL,'2026-05-19 14:37:39','2026-05-19 17:37:39',30.0000,5.04,1.51),(5,2,NULL,3,'margin_lock','D',100.00,'Bloqueio de Margem (Garantia) - Contrato #3',NULL,NULL,NULL,'2026-05-19 14:39:13','2026-05-19 17:39:13',30.0000,503.90,151.17),(6,2,7,3,'withdrawal','D',100.00,'Envio de USDT - Contrato #3',NULL,NULL,'','2026-05-19 14:40:02','2026-05-19 17:40:02',NULL,NULL,NULL),(7,2,7,3,'full_settlement','C',655.07,'Amortização BRL - Contrato #3',NULL,'Pix','','2026-05-19 14:40:06','2026-05-19 17:40:06',NULL,NULL,NULL),(8,2,NULL,4,'margin_lock','D',5000.00,'Bloqueio de Margem (Garantia) - Contrato #4',NULL,NULL,NULL,'2026-05-19 14:41:03','2026-05-19 17:41:03',30.0000,25212.00,7563.60),(9,2,7,4,'full_settlement','C',32775.60,'Amortização BRL - Contrato #4',NULL,'Pix','','2026-05-19 14:42:14','2026-05-19 17:42:14',NULL,NULL,NULL),(10,2,7,4,'withdrawal','D',2500.00,'Envio de USDT - Contrato #4',NULL,NULL,'','2026-05-19 14:42:20','2026-05-19 17:42:20',NULL,NULL,NULL),(11,2,NULL,5,'margin_lock','D',5000.00,'Bloqueio de Margem (Garantia) - Contrato #5',NULL,NULL,NULL,'2026-05-19 14:43:56','2026-05-19 17:43:56',30.0000,25215.50,7564.65),(12,2,1,5,'full_settlement','C',32780.15,'Amortização BRL - Contrato #5',NULL,'Pix','','2026-05-19 14:44:23','2026-05-19 17:44:23',NULL,NULL,NULL),(13,2,1,5,'withdrawal','D',5000.00,'Envio de USDT - Contrato #5',NULL,NULL,'','2026-05-19 14:44:31','2026-05-19 17:44:31',NULL,NULL,NULL);
/*!40000 ALTER TABLE `financial_statements` ENABLE KEYS */;
UNLOCK TABLES;

--
-- Table structure for table `migrations`
--

DROP TABLE IF EXISTS `migrations`;
/*!40101 SET @saved_cs_client     = @@character_set_client */;
/*!50503 SET character_set_client = utf8mb4 */;
CREATE TABLE `migrations` (
  `id` bigint unsigned NOT NULL AUTO_INCREMENT,
  `version` varchar(255) COLLATE utf8mb4_general_ci NOT NULL,
  `class` varchar(255) COLLATE utf8mb4_general_ci NOT NULL,
  `group` varchar(255) COLLATE utf8mb4_general_ci NOT NULL,
  `namespace` varchar(255) COLLATE utf8mb4_general_ci NOT NULL,
  `time` int NOT NULL,
  `batch` int unsigned NOT NULL,
  PRIMARY KEY (`id`)
) ENGINE=InnoDB AUTO_INCREMENT=33 DEFAULT CHARSET=utf8mb4 COLLATE=utf8mb4_general_ci;
/*!40101 SET character_set_client = @saved_cs_client */;

--
-- Dumping data for table `migrations`
--

LOCK TABLES `migrations` WRITE;
/*!40000 ALTER TABLE `migrations` DISABLE KEYS */;
INSERT INTO `migrations` VALUES (1,'2026-05-11-132202','App\\Database\\Migrations\\CreateUsersTable','default','App',1778505759,1),(2,'2026-05-11-133056','App\\Database\\Migrations\\AddFeeToUsers','default','App',1778506275,2),(3,'2026-05-11-133259','App\\Database\\Migrations\\AddLanguageToUsers','default','App',1778506407,3),(4,'2026-05-11-134208','App\\Database\\Migrations\\AddWalletToUsers','default','App',1778506942,4),(5,'2026-05-11-135409','App\\Database\\Migrations\\CreateUserDollarHistoryTable','default','App',1778507667,5),(6,'2026-05-11-141004','App\\Database\\Migrations\\AddRoleToUsers','default','App',1778508619,6),(7,'2026-05-11-141749','App\\Database\\Migrations\\CreateTransactionsTable','default','App',1778509104,7),(8,'2026-05-11-142927','App\\Database\\Migrations\\AddDeliveryTypeToTransactions','default','App',1778509778,8),(9,'2026-05-11-144300','App\\Database\\Migrations\\CreateGlobalDollarHistory','default','App',1778510592,9),(10,'2026-05-11-151500','App\\Database\\Migrations\\CreateChatMessagesTable','default','App',1778523540,10),(11,'2026-05-11-182000','App\\Database\\Migrations\\AddTypeToTransactions','default','App',1778523627,11),(12,'2026-05-11-184000','App\\Database\\Migrations\\AddCompanyDetailsToUsers','default','App',1778534806,12),(13,'2026-05-11-184100','App\\Database\\Migrations\\CreateSettingsTable','default','App',1778535120,13),(14,'2026-05-12-130934','App\\Database\\Migrations\\AddCreditFieldsToUsers','default','App',1778591401,14),(15,'2026-05-12-130935','App\\Database\\Migrations\\CreateContractsTable','default','App',1778591401,14),(16,'2026-05-12-132039','App\\Database\\Migrations\\UpdateTransactionTypeEnum','default','App',1778592051,15),(17,'2026-05-12-135409','App\\Database\\Migrations\\AddLocksToTables','default','App',1778594065,16),(18,'2026-05-12-140646','App\\Database\\Migrations\\AddPaidClientToContracts','default','App',1778594818,17),(19,'2026-05-12-140727','App\\Database\\Migrations\\AddTransactionIdToContracts','default','App',1778594952,18),(21,'2026-05-12-160150','App\\Database\\Migrations\\CreateExtratoFinanceiroTable','default','App',1778603196,19),(22,'2026-05-12-183604','App\\Database\\Migrations\\AddTotalBrlToContracts','default','App',1778611020,20),(23,'2026-05-12-184341','App\\Database\\Migrations\\UpdateContractTypeEnum','default','App',1778611441,21),(24,'2026-05-14-162920','App\\Database\\Migrations\\RenameEmailToLoginInUsersTable','default','App',1778776190,22),(25,'2026-05-14-163846','App\\Database\\Migrations\\AddPaymentDetailsToFinancialStatements','default','App',1778776785,23),(26,'2026-05-14-172328','App\\Database\\Migrations\\AddDeliveredUsdtToContracts','default','App',1778779453,24),(27,'2026-05-14-173238','App\\Database\\Migrations\\AddAdminIdToFinancialStatements','default','App',1778779997,25),(28,'2026-05-14-173849','App\\Database\\Migrations\\AddAllowedDeliveryTypesToUsers','default','App',1778780340,26),(29,'2026-05-15-133500','App\\Database\\Migrations\\AddProofPathToTransactions','default','App',1778853430,27),(30,'2026-05-15-140300','App\\Database\\Migrations\\AddProofTextToTransactions','default','App',1778854265,28),(31,'2026-05-15-142800','App\\Database\\Migrations\\AddTextReadToTransactions','default','App',1778855270,29),(32,'2026-05-15-144800','App\\Database\\Migrations\\AddSecurityFieldsToTransactions','default','App',1778863718,30);
/*!40000 ALTER TABLE `migrations` ENABLE KEYS */;
UNLOCK TABLES;

--
-- Table structure for table `settings`
--

DROP TABLE IF EXISTS `settings`;
/*!40101 SET @saved_cs_client     = @@character_set_client */;
/*!50503 SET character_set_client = utf8mb4 */;
CREATE TABLE `settings` (
  `id` int unsigned NOT NULL AUTO_INCREMENT,
  `key` varchar(100) COLLATE utf8mb4_general_ci NOT NULL,
  `value` text COLLATE utf8mb4_general_ci,
  `created_at` datetime DEFAULT NULL,
  `updated_at` datetime DEFAULT NULL,
  PRIMARY KEY (`id`),
  UNIQUE KEY `key` (`key`)
) ENGINE=InnoDB AUTO_INCREMENT=6 DEFAULT CHARSET=utf8mb4 COLLATE=utf8mb4_general_ci;
/*!40101 SET character_set_client = @saved_cs_client */;

--
-- Dumping data for table `settings`
--

LOCK TABLES `settings` WRITE;
/*!40000 ALTER TABLE `settings` DISABLE KEYS */;
INSERT INTO `settings` VALUES (1,'business_hours_start','08:00','2026-05-11 21:32:00','2026-05-19 14:43:46'),(2,'business_hours_end','16:30','2026-05-11 21:32:00','2026-05-19 14:43:46'),(3,'quotation_flow','direct','2026-05-18 20:16:51','2026-05-19 14:43:46'),(4,'operator_whatsapp','5511999989913','2026-05-18 20:16:51','2026-05-19 14:43:46'),(5,'admin_alert_sound','nuclear_danger','2026-05-19 13:55:56','2026-05-19 14:43:46');
/*!40000 ALTER TABLE `settings` ENABLE KEYS */;
UNLOCK TABLES;

--
-- Table structure for table `transactions`
--

DROP TABLE IF EXISTS `transactions`;
/*!40101 SET @saved_cs_client     = @@character_set_client */;
/*!50503 SET character_set_client = utf8mb4 */;
CREATE TABLE `transactions` (
  `id` int unsigned NOT NULL AUTO_INCREMENT,
  `user_id` int unsigned NOT NULL,
  `type` enum('buy','sell','payment','interest') COLLATE utf8mb4_general_ci DEFAULT 'buy',
  `amount_brl` decimal(10,2) NOT NULL,
  `amount_usdt` decimal(10,2) NOT NULL,
  `rate` decimal(10,4) NOT NULL,
  `status` enum('pending','completed','cancelled') COLLATE utf8mb4_general_ci NOT NULL DEFAULT 'pending',
  `delivery_type` enum('D+0','D+1','D+2') COLLATE utf8mb4_general_ci DEFAULT 'D+0',
  `wallet_address` varchar(255) COLLATE utf8mb4_general_ci NOT NULL,
  `proof_path` varchar(255) COLLATE utf8mb4_general_ci DEFAULT NULL,
  `proof_text` text COLLATE utf8mb4_general_ci,
  `text_read` text COLLATE utf8mb4_general_ci,
  `proof_hash` varchar(64) COLLATE utf8mb4_general_ci DEFAULT NULL,
  `auth_code` varchar(100) COLLATE utf8mb4_general_ci DEFAULT NULL,
  `created_at` datetime DEFAULT NULL,
  `updated_at` datetime DEFAULT NULL,
  `locked_by` int unsigned DEFAULT NULL,
  `locked_at` datetime DEFAULT NULL,
  `base_rate` decimal(18,4) DEFAULT NULL,
  `fee_percent` decimal(18,4) DEFAULT NULL,
  `comercial_brl` decimal(18,2) DEFAULT NULL,
  `fee_brl` decimal(18,2) DEFAULT NULL,
  PRIMARY KEY (`id`),
  KEY `transactions_user_id_foreign` (`user_id`),
  CONSTRAINT `transactions_user_id_foreign` FOREIGN KEY (`user_id`) REFERENCES `users` (`id`) ON DELETE CASCADE ON UPDATE CASCADE
) ENGINE=InnoDB AUTO_INCREMENT=10 DEFAULT CHARSET=utf8mb4 COLLATE=utf8mb4_general_ci;
/*!40101 SET character_set_client = @saved_cs_client */;

--
-- Dumping data for table `transactions`
--

LOCK TABLES `transactions` WRITE;
/*!40000 ALTER TABLE `transactions` DISABLE KEYS */;
INSERT INTO `transactions` VALUES (1,2,'buy',6.55,1.00,6.5516,'completed','D+0','0x71C7656EC7ab88b098defB751B7401B5f6d8976F',NULL,NULL,NULL,NULL,NULL,'2026-05-19 14:36:24','2026-05-19 14:36:50',NULL,NULL,5.0397,30.0000,5.04,1.51),(2,2,'buy',6.55,0.00,0.0000,'completed','D+0','',NULL,NULL,NULL,NULL,NULL,'2026-05-19 14:36:50','2026-05-19 14:36:50',NULL,NULL,NULL,NULL,NULL,NULL),(3,2,'buy',6.55,1.00,6.5484,'pending','D+0','0x71C7656EC7ab88b098defB751B7401B5f6d8976F',NULL,NULL,NULL,NULL,NULL,'2026-05-19 14:37:39','2026-05-19 14:37:39',NULL,NULL,5.0372,30.0000,5.04,1.51),(4,2,'buy',655.07,100.00,6.5507,'completed','D+0','0x71C7656EC7ab88b098defB751B7401B5f6d8976F',NULL,NULL,NULL,NULL,NULL,'2026-05-19 14:39:13','2026-05-19 14:40:06',NULL,NULL,5.0390,30.0000,503.90,151.17),(5,2,'buy',655.07,0.00,0.0000,'completed','D+0','',NULL,NULL,NULL,NULL,NULL,'2026-05-19 14:40:06','2026-05-19 14:40:06',NULL,NULL,NULL,NULL,NULL,NULL),(6,2,'buy',32775.60,5000.00,6.5551,'completed','D+0','0x71C7656EC7ab88b098defB751B7401B5f6d8976F',NULL,NULL,NULL,NULL,NULL,'2026-05-19 14:41:03','2026-05-19 14:42:14',NULL,NULL,5.0424,30.0000,25212.00,7563.60),(7,2,'buy',32775.60,0.00,0.0000,'completed','D+0','',NULL,NULL,NULL,NULL,NULL,'2026-05-19 14:42:14','2026-05-19 14:42:14',NULL,NULL,NULL,NULL,NULL,NULL),(8,2,'buy',32780.15,5000.00,6.5560,'completed','D+0','0x71C7656EC7ab88b098defB751B7401B5f6d8976F',NULL,NULL,NULL,NULL,NULL,'2026-05-19 14:43:56','2026-05-19 14:44:23',NULL,NULL,5.0431,30.0000,25215.50,7564.65),(9,2,'buy',32780.15,0.00,0.0000,'completed','D+0','',NULL,NULL,NULL,NULL,NULL,'2026-05-19 14:44:23','2026-05-19 14:44:23',NULL,NULL,NULL,NULL,NULL,NULL);
/*!40000 ALTER TABLE `transactions` ENABLE KEYS */;
UNLOCK TABLES;

--
-- Table structure for table `user_dollar_history`
--

DROP TABLE IF EXISTS `user_dollar_history`;
/*!40101 SET @saved_cs_client     = @@character_set_client */;
/*!50503 SET character_set_client = utf8mb4 */;
CREATE TABLE `user_dollar_history` (
  `id` int unsigned NOT NULL AUTO_INCREMENT,
  `user_id` int unsigned NOT NULL,
  `rate` decimal(10,4) NOT NULL,
  `created_at` datetime DEFAULT NULL,
  PRIMARY KEY (`id`),
  KEY `user_id_created_at` (`user_id`,`created_at`)
) ENGINE=InnoDB AUTO_INCREMENT=245 DEFAULT CHARSET=utf8mb4 COLLATE=utf8mb4_general_ci;
/*!40101 SET character_set_client = @saved_cs_client */;

--
-- Dumping data for table `user_dollar_history`
--

LOCK TABLES `user_dollar_history` WRITE;
/*!40000 ALTER TABLE `user_dollar_history` DISABLE KEYS */;
INSERT INTO `user_dollar_history` VALUES (10,1,5.3990,'2026-05-11 13:57:51'),(12,1,5.3990,'2026-05-11 13:58:46'),(14,1,5.3990,'2026-05-11 13:59:00'),(16,1,5.3990,'2026-05-11 14:00:05'),(17,1,5.7713,'2026-05-11 14:00:45'),(18,1,5.7811,'2026-05-11 13:45:45'),(19,1,5.7708,'2026-05-11 13:30:45'),(20,1,5.7738,'2026-05-11 13:15:45'),(21,1,5.7745,'2026-05-11 13:00:45'),(22,1,5.7768,'2026-05-11 12:45:45'),(23,1,5.7800,'2026-05-11 12:30:45'),(24,1,5.7693,'2026-05-11 12:15:45'),(25,1,5.7670,'2026-05-11 12:00:45'),(26,1,5.7639,'2026-05-11 11:45:45'),(27,1,5.7560,'2026-05-11 11:30:45'),(28,1,5.7481,'2026-05-11 11:15:45'),(29,1,5.7412,'2026-05-11 11:00:45'),(30,1,5.7465,'2026-05-11 10:45:45'),(31,1,5.7552,'2026-05-11 10:30:45'),(32,1,5.7442,'2026-05-11 10:15:45'),(33,1,5.7336,'2026-05-11 10:00:45'),(34,1,5.7324,'2026-05-11 09:45:45'),(35,1,5.7236,'2026-05-11 09:30:45'),(36,1,5.7179,'2026-05-11 09:15:45'),(37,1,5.7234,'2026-05-11 09:00:45'),(38,1,5.7223,'2026-05-11 08:45:45'),(39,1,5.7192,'2026-05-11 08:30:45'),(40,1,5.7237,'2026-05-11 08:15:45'),(41,1,5.7285,'2026-05-11 08:00:45'),(42,1,5.7325,'2026-05-11 07:45:45'),(43,1,5.7384,'2026-05-11 07:30:45'),(44,1,5.7321,'2026-05-11 07:15:45'),(45,1,5.7423,'2026-05-11 07:00:45'),(46,1,5.7437,'2026-05-11 06:45:45'),(47,1,5.7519,'2026-05-11 06:30:45'),(48,1,5.7462,'2026-05-11 06:15:45'),(49,1,5.7504,'2026-05-11 06:00:45'),(50,1,5.7465,'2026-05-11 05:45:45'),(51,1,5.7537,'2026-05-11 05:30:45'),(52,1,5.7547,'2026-05-11 05:15:45'),(53,1,5.7592,'2026-05-11 05:00:45'),(54,1,5.7665,'2026-05-11 04:45:45'),(55,1,5.7750,'2026-05-11 04:30:45'),(56,1,5.7797,'2026-05-11 04:15:45'),(57,1,5.7811,'2026-05-11 04:00:45'),(58,1,5.7732,'2026-05-11 03:45:45'),(59,1,5.7731,'2026-05-11 03:30:45'),(60,1,5.7825,'2026-05-11 03:15:45'),(61,1,5.7857,'2026-05-11 03:00:45'),(62,1,5.7768,'2026-05-11 02:45:45'),(63,1,5.7851,'2026-05-11 02:30:45'),(64,1,5.7856,'2026-05-11 02:15:45'),(65,1,5.7938,'2026-05-11 02:00:45'),(66,1,5.8035,'2026-05-11 01:45:45'),(67,1,5.8108,'2026-05-11 01:30:45'),(68,1,5.8123,'2026-05-11 01:15:45'),(69,1,5.8171,'2026-05-11 01:00:45'),(70,1,5.8087,'2026-05-11 00:45:45'),(71,1,5.8102,'2026-05-11 00:30:45'),(72,1,5.8156,'2026-05-11 00:15:45'),(73,1,5.8094,'2026-05-11 00:00:45'),(74,1,5.8075,'2026-05-10 23:45:45'),(75,1,5.7980,'2026-05-10 23:30:45'),(76,1,5.8000,'2026-05-10 23:15:45'),(77,1,5.8073,'2026-05-10 23:00:45'),(78,1,5.8103,'2026-05-10 22:45:45'),(79,1,5.8023,'2026-05-10 22:30:45'),(80,1,5.7947,'2026-05-10 22:15:45'),(81,1,5.8033,'2026-05-10 22:00:45'),(82,1,5.8081,'2026-05-10 21:45:45'),(83,1,5.8177,'2026-05-10 21:30:45'),(84,1,5.8193,'2026-05-10 21:15:45'),(85,1,5.8166,'2026-05-10 21:00:45'),(86,1,5.8065,'2026-05-10 20:45:45'),(87,1,5.8099,'2026-05-10 20:30:45'),(88,1,5.8158,'2026-05-10 20:15:45'),(89,1,5.8181,'2026-05-10 20:00:45'),(90,1,5.8102,'2026-05-10 19:45:45'),(91,1,5.8157,'2026-05-10 19:30:45'),(92,1,5.8168,'2026-05-10 19:15:45'),(93,1,5.8233,'2026-05-10 19:00:45'),(94,1,5.8146,'2026-05-10 18:45:45'),(95,1,5.8064,'2026-05-10 18:30:45'),(96,1,5.8133,'2026-05-10 18:15:45'),(97,1,5.8037,'2026-05-10 18:00:45'),(98,1,5.8087,'2026-05-10 17:45:45'),(99,1,5.8196,'2026-05-10 17:30:45'),(100,1,5.8257,'2026-05-10 17:15:45'),(101,1,5.8177,'2026-05-10 17:00:45'),(102,1,5.8190,'2026-05-10 16:45:45'),(103,1,5.8148,'2026-05-10 16:30:45'),(104,1,5.8062,'2026-05-10 16:15:45'),(105,1,5.8149,'2026-05-10 16:00:45'),(106,1,5.8116,'2026-05-10 15:45:45'),(107,1,5.8108,'2026-05-10 15:30:45'),(108,1,5.8035,'2026-05-10 15:15:45'),(109,1,5.8076,'2026-05-10 15:00:45'),(110,1,5.8153,'2026-05-10 14:45:45'),(111,1,5.8171,'2026-05-10 14:30:45'),(112,1,5.8240,'2026-05-10 14:15:45'),(113,1,5.8147,'2026-05-10 14:00:45'),(114,1,5.8170,'2026-05-10 13:45:45'),(115,1,5.8175,'2026-05-10 13:30:45'),(116,1,5.8192,'2026-05-10 13:15:45'),(117,2,5.7860,'2026-05-11 14:00:45'),(118,2,5.7871,'2026-05-11 13:45:45'),(119,2,5.7888,'2026-05-11 13:30:45'),(120,2,5.7792,'2026-05-11 13:15:45'),(121,2,5.7717,'2026-05-11 13:00:45'),(122,2,5.7823,'2026-05-11 12:45:45'),(123,2,5.7717,'2026-05-11 12:30:45'),(124,2,5.7771,'2026-05-11 12:15:45'),(125,2,5.7811,'2026-05-11 12:00:45'),(126,2,5.7845,'2026-05-11 11:45:45'),(127,2,5.7774,'2026-05-11 11:30:45'),(128,2,5.7686,'2026-05-11 11:15:45'),(129,2,5.7609,'2026-05-11 11:00:45'),(130,2,5.7521,'2026-05-11 10:45:45'),(131,2,5.7492,'2026-05-11 10:30:45'),(132,2,5.7390,'2026-05-11 10:15:45'),(133,2,5.7410,'2026-05-11 10:00:45'),(134,2,5.7388,'2026-05-11 09:45:45'),(135,2,5.7407,'2026-05-11 09:30:45'),(136,2,5.7324,'2026-05-11 09:15:45'),(137,2,5.7317,'2026-05-11 09:00:45'),(138,2,5.7330,'2026-05-11 08:45:45'),(139,2,5.7243,'2026-05-11 08:30:45'),(140,2,5.7185,'2026-05-11 08:15:45'),(141,2,5.7129,'2026-05-11 08:00:45'),(142,2,5.7021,'2026-05-11 07:45:45'),(143,2,5.7050,'2026-05-11 07:30:45'),(144,2,5.7054,'2026-05-11 07:15:45'),(145,2,5.7025,'2026-05-11 07:00:45'),(146,2,5.7063,'2026-05-11 06:45:45'),(147,2,5.6992,'2026-05-11 06:30:45'),(148,2,5.6902,'2026-05-11 06:15:45'),(149,2,5.7000,'2026-05-11 06:00:45'),(150,2,5.6991,'2026-05-11 05:45:45'),(151,2,5.6912,'2026-05-11 05:30:45'),(152,2,5.7011,'2026-05-11 05:15:45'),(153,2,5.7020,'2026-05-11 05:00:45'),(154,2,5.7055,'2026-05-11 04:45:45'),(155,2,5.7120,'2026-05-11 04:30:45'),(156,2,5.7102,'2026-05-11 04:15:45'),(157,2,5.7206,'2026-05-11 04:00:45'),(158,2,5.7156,'2026-05-11 03:45:45'),(159,2,5.7266,'2026-05-11 03:30:45'),(160,2,5.7332,'2026-05-11 03:15:45'),(161,2,5.7287,'2026-05-11 03:00:45'),(162,2,5.7378,'2026-05-11 02:45:45'),(163,2,5.7287,'2026-05-11 02:30:45'),(164,2,5.7373,'2026-05-11 02:15:45'),(165,2,5.7429,'2026-05-11 02:00:45'),(166,2,5.7484,'2026-05-11 01:45:45'),(167,2,5.7444,'2026-05-11 01:30:45'),(168,2,5.7461,'2026-05-11 01:15:45'),(169,2,5.7460,'2026-05-11 01:00:45'),(170,2,5.7506,'2026-05-11 00:45:45'),(171,2,5.7462,'2026-05-11 00:30:45'),(172,2,5.7556,'2026-05-11 00:15:45'),(173,2,5.7471,'2026-05-11 00:00:45'),(174,2,5.7501,'2026-05-10 23:45:45'),(175,2,5.7444,'2026-05-10 23:30:45'),(176,2,5.7453,'2026-05-10 23:15:45'),(177,2,5.7394,'2026-05-10 23:00:45'),(178,2,5.7300,'2026-05-10 22:45:45'),(179,2,5.7318,'2026-05-10 22:30:45'),(180,2,5.7229,'2026-05-10 22:15:45'),(181,2,5.7322,'2026-05-10 22:00:45'),(182,2,5.7278,'2026-05-10 21:45:45'),(183,2,5.7364,'2026-05-10 21:30:45'),(184,2,5.7305,'2026-05-10 21:15:45'),(185,2,5.7353,'2026-05-10 21:00:45'),(186,2,5.7435,'2026-05-10 20:45:45'),(187,2,5.7325,'2026-05-10 20:30:45'),(188,2,5.7386,'2026-05-10 20:15:45'),(189,2,5.7296,'2026-05-10 20:00:45'),(190,2,5.7247,'2026-05-10 19:45:45'),(191,2,5.7343,'2026-05-10 19:30:45'),(192,2,5.7434,'2026-05-10 19:15:45'),(193,2,5.7514,'2026-05-10 19:00:45'),(194,2,5.7415,'2026-05-10 18:45:45'),(195,2,5.7417,'2026-05-10 18:30:45'),(196,2,5.7435,'2026-05-10 18:15:45'),(197,2,5.7413,'2026-05-10 18:00:45'),(198,2,5.7411,'2026-05-10 17:45:45'),(199,2,5.7464,'2026-05-10 17:30:45'),(200,2,5.7484,'2026-05-10 17:15:45'),(201,2,5.7573,'2026-05-10 17:00:45'),(202,2,5.7648,'2026-05-10 16:45:45'),(203,2,5.7610,'2026-05-10 16:30:45'),(204,2,5.7582,'2026-05-10 16:15:45'),(205,2,5.7529,'2026-05-10 16:00:45'),(206,2,5.7627,'2026-05-10 15:45:45'),(207,2,5.7699,'2026-05-10 15:30:45'),(208,2,5.7617,'2026-05-10 15:15:45'),(209,2,5.7580,'2026-05-10 15:00:45'),(210,2,5.7663,'2026-05-10 14:45:45'),(211,2,5.7698,'2026-05-10 14:30:45'),(212,2,5.7800,'2026-05-10 14:15:45'),(213,2,5.7870,'2026-05-10 14:00:45'),(214,2,5.7936,'2026-05-10 13:45:45'),(215,2,5.7893,'2026-05-10 13:30:45'),(216,2,5.7922,'2026-05-10 13:15:45'),(217,1,5.3990,'2026-05-11 14:01:51'),(218,1,5.4000,'2026-05-11 14:02:52'),(219,1,5.4000,'2026-05-11 14:04:24'),(220,1,5.4000,'2026-05-11 14:05:58'),(221,1,5.3991,'2026-05-11 14:07:13'),(222,1,5.3991,'2026-05-11 14:08:17'),(223,1,5.3991,'2026-05-11 14:09:33'),(224,1,5.3991,'2026-05-11 14:10:33'),(225,1,5.4033,'2026-05-11 14:13:14'),(226,1,5.4033,'2026-05-11 14:14:46'),(227,1,5.4033,'2026-05-11 14:16:17'),(228,1,5.4030,'2026-05-11 14:17:30'),(229,1,5.4030,'2026-05-11 14:19:31'),(230,1,5.4030,'2026-05-11 14:21:32'),(231,1,5.3989,'2026-05-11 14:23:03'),(232,1,5.3989,'2026-05-11 14:24:15'),(233,1,5.3989,'2026-05-11 14:26:41'),(234,1,5.3997,'2026-05-11 14:29:45'),(235,1,5.3997,'2026-05-11 14:30:58'),(236,1,5.3997,'2026-05-11 14:32:03'),(237,1,5.4000,'2026-05-11 14:33:18'),(238,1,5.4000,'2026-05-11 14:34:55'),(239,1,5.4000,'2026-05-11 14:37:07'),(240,1,5.4029,'2026-05-11 14:39:02'),(241,1,5.4029,'2026-05-11 14:40:34'),(242,3,5.1573,'2026-05-11 14:41:17'),(243,1,5.3995,'2026-05-11 14:42:23'),(244,1,5.3995,'2026-05-11 14:43:27');
/*!40000 ALTER TABLE `user_dollar_history` ENABLE KEYS */;
UNLOCK TABLES;

--
-- Table structure for table `users`
--

DROP TABLE IF EXISTS `users`;
/*!40101 SET @saved_cs_client     = @@character_set_client */;
/*!50503 SET character_set_client = utf8mb4 */;
CREATE TABLE `users` (
  `id` int unsigned NOT NULL AUTO_INCREMENT,
  `name` varchar(100) COLLATE utf8mb4_general_ci NOT NULL,
  `company_name` varchar(255) COLLATE utf8mb4_general_ci DEFAULT NULL,
  `phone` varchar(20) COLLATE utf8mb4_general_ci DEFAULT NULL,
  `cnpj` varchar(20) COLLATE utf8mb4_general_ci DEFAULT NULL,
  `login` varchar(150) COLLATE utf8mb4_general_ci DEFAULT NULL,
  `password` varchar(255) COLLATE utf8mb4_general_ci NOT NULL,
  `role` enum('admin','operator','user') COLLATE utf8mb4_general_ci DEFAULT 'user',
  `fee_percent` decimal(10,2) DEFAULT '10.00',
  `credit_limit` decimal(10,2) DEFAULT '0.00',
  `default_contract_type` enum('d+1','d+2') COLLATE utf8mb4_general_ci DEFAULT 'd+1',
  `daily_interest_rate` decimal(5,2) DEFAULT '0.00',
  `allowed_delivery_types` enum('D+0','D+1','D+2','all') COLLATE utf8mb4_general_ci DEFAULT 'all',
  `language` varchar(10) COLLATE utf8mb4_general_ci DEFAULT 'pt-BR',
  `usdt_wallet` varchar(255) COLLATE utf8mb4_general_ci DEFAULT NULL,
  `created_at` datetime DEFAULT NULL,
  `updated_at` datetime DEFAULT NULL,
  PRIMARY KEY (`id`),
  UNIQUE KEY `email` (`login`),
  UNIQUE KEY `login` (`login`)
) ENGINE=InnoDB AUTO_INCREMENT=8 DEFAULT CHARSET=utf8mb4 COLLATE=utf8mb4_general_ci;
/*!40101 SET character_set_client = @saved_cs_client */;

--
-- Dumping data for table `users`
--

LOCK TABLES `users` WRITE;
/*!40000 ALTER TABLE `users` DISABLE KEYS */;
INSERT INTO `users` VALUES (1,'Jadiclecio',NULL,NULL,NULL,'guardian','$2y$10$gs7MdiSYbnyfEQwjNuxV9ukFf.hALVAsVSGWj/y4BIFIaX50FRtS.','admin',7.80,0.00,'d+1',0.00,'all','pt-BR','0x71C7656EC7ab88b098defB751B7401B5f6d8976F','2026-05-11 13:26:19','2026-05-15 20:42:00'),(2,'Chian Xing','','','','chian','$2y$10$SET7kV1JehcfwM.4E9hyXuhe7jHC.xIiie6MZ1wiPpSMMsj4q8EuG','user',30.00,150000.00,'d+1',1.50,'all','pt-BR','0x71C7656EC7ab88b098defB751B7401B5f6d8976F','2026-05-11 13:47:09','2026-05-14 17:48:53'),(3,'Chio','','','','chio','$2y$10$OjRP99y/8TXRPaDchd/TNOtODCf4kK5/IWCTDAubDaNaCepX1fnOS','user',1.67,100000.00,'d+1',1.00,'all','pt-BR','0x71C7656EC7ab88b098defB751B7401B5f6d8976F','2026-05-11 14:16:12','2026-05-15 16:33:12'),(4,'Korea','Korea LTDA','(11) 99999-9999','00.000.000/0000-11','korea','$2y$10$TyWmTJgoxEYG2SvQj6lEBujxdEvbboPyRnP4qQ2dhJJeu9VIagGFG','user',10.00,0.00,'d+1',0.00,'all','pt-BR','0x71C7656EC7ab88b098defB751B7401B5f6d8976F','2026-05-11 21:28:23','2026-05-11 21:28:23'),(5,'Pedro','Pedro LTDA','11999998892','11.000.000/0001-00','pedro','$2y$10$vzh6skVuU6bCudv5TzUsTeQ2YqsOgfe1EOKGnIUbulpQ904zZsqam','user',1.00,10000000.00,'d+1',0.50,'all','pt-BR','0x71C7656EC7ab88b098defB751B7401B5f6d8976F','2026-05-12 18:02:06','2026-05-14 18:15:09'),(7,'TIago','','','','tiago','$2y$10$ZOqLkWq1qZUcE9EgEBEag.s/V2bZfKngWBN2w9NO3f26HSS4FCF2W','operator',10.00,0.00,'d+1',0.00,'all','pt-BR','x','2026-05-19 14:11:56','2026-05-19 14:11:56');
/*!40000 ALTER TABLE `users` ENABLE KEYS */;
UNLOCK TABLES;
/*!40103 SET TIME_ZONE=@OLD_TIME_ZONE */;

/*!40101 SET SQL_MODE=@OLD_SQL_MODE */;
/*!40014 SET FOREIGN_KEY_CHECKS=@OLD_FOREIGN_KEY_CHECKS */;
/*!40014 SET UNIQUE_CHECKS=@OLD_UNIQUE_CHECKS */;
/*!40101 SET CHARACTER_SET_CLIENT=@OLD_CHARACTER_SET_CLIENT */;
/*!40101 SET CHARACTER_SET_RESULTS=@OLD_CHARACTER_SET_RESULTS */;
/*!40101 SET COLLATION_CONNECTION=@OLD_COLLATION_CONNECTION */;
/*!40111 SET SQL_NOTES=@OLD_SQL_NOTES */;

-- Dump completed on 2026-05-19 11:49:32
